20c5a0c8-9b78-11e6-9f33-a24fc0d9649c,ABC Blocks W/Apple On top,ABC-Blocks-W/Apple-On-top,1,9.25,4,77.9
20c5a49c-9b78-11e6-9f33-a24fc0d9649c,ABC/123 and Pencil Cup ,ABC/123-and-Pencil-Cup-,0,0,5,67.54
20c5a69a-9b78-11e6-9f33-a24fc0d9649c,Airplane ,Airplane-,0,0,7,30.94
20c5a85c-9b78-11e6-9f33-a24fc0d9649c,Alligator,Alligator,0,0,10,94.68
20c5aa1e-9b78-11e6-9f33-a24fc0d9649c,Ambulance,Ambulance,0,0,1,66.93
20c5abb8-9b78-11e6-9f33-a24fc0d9649c,American Flag Heart,American-Flag-Heart,0,0,6,31.27
20c5b1c6-9b78-11e6-9f33-a24fc0d9649c,Angel,Angel,0,0,8,18.87
20c5b3ba-9b78-11e6-9f33-a24fc0d9649c,Anklet,Anklet,0,0,9,80.24
20c5b554-9b78-11e6-9f33-a24fc0d9649c,Anime book,Anime-book,0,0,2,18.3
20c5b702-9b78-11e6-9f33-a24fc0d9649c,Archery kit,Archery-kit,0,0,3,78
20c5b8b0-9b78-11e6-9f33-a24fc0d9649c,Appletart,Appletart,1,12,6,32.69
20c5ba7c-9b78-11e6-9f33-a24fc0d9649c,Apple Chalkboard ,Apple-Chalkboard-,0,0,7,64.92
20c5bcb6-9b78-11e6-9f33-a24fc0d9649c,Apple Face ,Apple-Face-,0,0,8,31.54
20c5c24c-9b78-11e6-9f33-a24fc0d9649c,Apple with Bite,Apple-with-Bite,0,0,5,35.69
20c5c422-9b78-11e6-9f33-a24fc0d9649c,Apple with Pencil,Apple-with-Pencil,0,0,3,19.88
20c5c5e4-9b78-11e6-9f33-a24fc0d9649c,Art Box,Art-Box,0,0,1,69.48
20c5c7b0-9b78-11e6-9f33-a24fc0d9649c,Baby Bottle,Baby-Bottle,0,0,10,97.29
20c5c972-9b78-11e6-9f33-a24fc0d9649c,Baby Duck,Baby-Duck,0,0,9,76.43
20c5cb8e-9b78-11e6-9f33-a24fc0d9649c,Baby Overalls,Baby-Overalls,0,0,2,54.61
20c5d0fc-9b78-11e6-9f33-a24fc0d9649c,Baby Rattle,Baby-Rattle,0,0,4,46.04
20c5d322-9b78-11e6-9f33-a24fc0d9649c,Baby Shoes ,Baby-Shoes-,1,5.5,3,55.09
20c5d4ee-9b78-11e6-9f33-a24fc0d9649c,Ballerina,Ballerina,0,0,7,58.37
20c5d85e-9b78-11e6-9f33-a24fc0d9649c,Ballet Slipper – black ,Ballet-Slipper-–-black-,0,0,10,83.08
20c5da34-9b78-11e6-9f33-a24fc0d9649c,Ballet Slipper – pink,Ballet-Slipper-–-pink,0,0,2,20.97
20c5dbd8-9b78-11e6-9f33-a24fc0d9649c,Balloons ,Balloons-,0,0,1,11.41
20c5dd9a-9b78-11e6-9f33-a24fc0d9649c,Banana ,Banana-,0,0,8,90.12
20c5e876-9b78-11e6-9f33-a24fc0d9649c,Baseball ,Baseball-,0,0,4,14.75
20c5ea92-9b78-11e6-9f33-a24fc0d9649c,Baseball Mitt,Baseball-Mitt,1,10,9,21.51
20c5ec18-9b78-11e6-9f33-a24fc0d9649c,Basket of Apples ,Basket-of-Apples-,0,0,5,89.99
20c5ed9e-9b78-11e6-9f33-a24fc0d9649c,Basket of Fruit,Basket-of-Fruit,0,0,6,42.01
20c5ef2e-9b78-11e6-9f33-a24fc0d9649c,Basket of Pansies,Basket-of-Pansies,0,0,9,21.84
20c5f0dc-9b78-11e6-9f33-a24fc0d9649c,Basket of Vegetables ,Basket-of-Vegetables-,0,0,1,35.23
20c5f294-9b78-11e6-9f33-a24fc0d9649c,Basketball ,Basketball-,0,0,8,10.31
20c5f7a8-9b78-11e6-9f33-a24fc0d9649c,Basketball Net ,Basketball-Net-,0,0,5,55.31
20c5f97e-9b78-11e6-9f33-a24fc0d9649c,Beach Ball ,Beach-Ball-,0,0,4,42.45
20c5fb0e-9b78-11e6-9f33-a24fc0d9649c,Bear – Sailor,Bear-–-Sailor,1,16,10,54.68
20c5fca8-9b78-11e6-9f33-a24fc0d9649c,Bear ,Bear-,0,0,2,57.66
20c5fe6a-9b78-11e6-9f33-a24fc0d9649c,Bear Baby,Bear-Baby,0,0,3,52.91
20c60022-9b78-11e6-9f33-a24fc0d9649c,Bear Couple Picnic ,Bear-Couple-Picnic-,0,0,7,71.15
20c601a8-9b78-11e6-9f33-a24fc0d9649c,Bear Gymnast on 1 Leg,Bear-Gymnast-on-1-Leg,0,0,6,97.95
20c606e4-9b78-11e6-9f33-a24fc0d9649c,Bear Holding Heart ,Bear-Holding-Heart-,0,0,7,45.38
20c608ce-9b78-11e6-9f33-a24fc0d9649c,Bear Holding Ice Cream ,Bear-Holding-Ice-Cream-,0,0,6,53.07
20c60af4-9b78-11e6-9f33-a24fc0d9649c,Bear Holding Lollipop,Bear-Holding-Lollipop,1,15.15,3,43.18
20c60c8e-9b78-11e6-9f33-a24fc0d9649c,Bear in Dress,Bear-in-Dress,1,8.75,8,70.36
20c60e28-9b78-11e6-9f33-a24fc0d9649c,Bear on Moon ,Bear-on-Moon-,0,0,5,34.73
20c61da0-9b78-11e6-9f33-a24fc0d9649c,Bear with Argyle Sweater ,Bear-with-Argyle-Sweater-,0,0,10,13.23
20c61fd0-9b78-11e6-9f33-a24fc0d9649c,Bear with Stick Horse,Bear-with-Stick-Horse,0,0,4,92.36
20c6261a-9b78-11e6-9f33-a24fc0d9649c,Bee Hive ,Bee-Hive-,0,0,9,52.6
20c627dc-9b78-11e6-9f33-a24fc0d9649c,Beetle ,Beetle-,0,0,1,46.66
20c62980-9b78-11e6-9f33-a24fc0d9649c,Bird ,Bird-,1,7,2,65.33
20c62b10-9b78-11e6-9f33-a24fc0d9649c,Bird House ,Bird-House-,0,0,9,40.85
20c62caa-9b78-11e6-9f33-a24fc0d9649c,Bird House Kit,Bird-House-Kit,0,0,10,74.94
20c62e44-9b78-11e6-9f33-a24fc0d9649c,Bird Nest,Bird-Nest,0,0,8,72.08
20c63088-9b78-11e6-9f33-a24fc0d9649c,Birthday Cake,Birthday-Cake,0,0,2,51.07
20c636d2-9b78-11e6-9f33-a24fc0d9649c,Books w/Globe,Books-w/Globe,0,0,4,69.9
20c63858-9b78-11e6-9f33-a24fc0d9649c,Bumble Bee ,Bumble-Bee-,1,10,7,93.62
